Workbook

Sheet Raw Data
A1: Order_ID | B1: Customer_Name | C1: Order_Date | D1: Sales | E1: Profit
A2: 1001 | B2: Ravi Kumar | C2: 01.01.2024 | D2: 15000 | E2: 3000
A3: 1002 | B3: Indu Priya | C3: 45294 | E3: 1000
A4: 1003 | B4: Manoj Rao | C4: 45296 | D4: 8000 | E4: -500
A5: 1004 | B5: Arjun | C5: 07.01.2024 | D5: 25000
A6: 1005 | B6: Sita Devi | D6: 12000 | E6: 0

Sheet Cleaned Data
A1: Order_ID | B1: Customer_Name | C1: Order_Date | D1: Sales | E1: Profit
A2: ='Raw Data'!A2 -> 1001 | B2: =TRIM('Raw Data'!B2) -> Ravi Kumar | C2: =TEXT('Raw Data'!C2,"dd-mmm-yyyy") -> 01.01.2024 | D2: =IF('Raw Data'!D2="",0,'Raw Data'!D2) -> 15000 | E2: =IF('Raw Data'!E2="",0,'Raw Data'!E2) -> 3000
A3: ='Raw Data'!A3 -> 1002 | B3: =TRIM('Raw Data'!B3) -> Indu Priya | C3: =TEXT('Raw Data'!C3,"dd-mmm-yyyy") -> 03-Jan-2024 | D3: =IF('Raw Data'!D3="",0,'Raw Data'!D3) -> 0 | E3: =IF('Raw Data'!E3="",0,'Raw Data'!E3) -> 1000
A4: ='Raw Data'!A4 -> 1003 | B4: =TRIM('Raw Data'!B4) -> Manoj Rao | C4: =TEXT('Raw Data'!C4,"dd-mmm-yyyy") -> 05-Jan-2024 | D4: =IF('Raw Data'!D4="",0,'Raw Data'!D4) -> 8000 | E4: =IF('Raw Data'!E4="",0,'Raw Data'!E4) -> -500
A5: ='Raw Data'!A5 -> 1004 | B5: =TRIM('Raw Data'!B5) -> Arjun | C5: =TEXT('Raw Data'!C5,"dd-mmm-yyyy") -> 07.01.2024 | D5: =IF('Raw Data'!D5="",0,'Raw Data'!D5) -> 25000 | E5: =IF('Raw Data'!E5="",0,'Raw Data'!E5) -> 0
A6: ='Raw Data'!A6 -> 1005 | B6: =TRIM('Raw Data'!B6) -> Sita Devi | D6: =IF('Raw Data'!D6="",0,'Raw Data'!D6) -> 12000 | E6: =IF('Raw Data'!E6="",0,'Raw Data'!E6) -> 0

Sheet Analysis
A1: Order_ID | B1: Sales | C1: Profit | D1: Profit_Status | E1: Sales_Level
A2: ='Cleaned Data'!A2 -> 1001 | B2: ='Cleaned Data'!D2 -> 15000 | C2: ='Cleaned Data'!E2 -> 3000 | D2: =IF(C2>0,"Profit","Loss") -> Profit | E2: =IF(B2>=15000,"High","Low") -> High
A3: ='Cleaned Data'!A3 -> 1002 | B3: ='Cleaned Data'!D3 -> 0 | C3: ='Cleaned Data'!E3 -> 1000 | D3: =IF(C3>0,"Profit","Loss") -> Profit | E3: =IF(B3>=15000,"High","Low") -> Low
A4: ='Cleaned Data'!A4 -> 1003 | B4: ='Cleaned Data'!D4 -> 8000 | C4: ='Cleaned Data'!E4 -> -500 | D4: =IF(C4>0,"Profit","Loss") -> Loss | E4: =IF(B4>=15000,"High","Low") -> Low
A5: ='Cleaned Data'!A5 -> 1004 | B5: ='Cleaned Data'!D5 -> 25000 | C5: ='Cleaned Data'!E5 -> 0 | D5: =IF(C5>0,"Profit","Loss") -> Loss | E5: =IF(B5>=15000,"High","Low") -> High
A6: ='Cleaned Data'!A6 -> 1005 | B6: ='Cleaned Data'!D6 -> 12000 | C6: ='Cleaned Data'!E6 -> 0 | D6: =IF(C6>0,"Profit","Loss") -> Loss | E6: =IF(B6>=15000,"High","Low") -> Low

Sheet Final Data
A1: Order_ID | B1: Customer_Name | C1: Order_Date | D1: Sales | E1: Profit
A2: 1001 | B2: Ravi Kumar | C2: 01.01.2024 | D2: 15000 | E2: 3000
A3: 1002 | B3: Indu Priya | C3: 03.01.2024 | D3: 0 | E3: 1000
A4: 1003 | B4: Manoj Rao | C4: 05.01.2024 | D4: 8000 | E4: -500
A5: 1004 | B5: Arjun | C5: 07.01.2024 | D5: 25000 | E5: 0
A6: 1005 | B6: Sita Devi | D6: 12000 | E6: 0
